protein_chain	protein_residue_id	protein_residue_name	protein_atom	peptide_chain	peptide_residue_id	peptide_residue_name	peptide_atom	interaction_type	distance	angle	source_tool	confidence	raw_type
B	22	ALA		A	8	PRO		van_der_waals	7.2039475440979		geometric_fallback	0.1	geometric_contact
B	22	ALA		A	9	VAL		van_der_waals	7.466331481933594		geometric_fallback	0.1	geometric_contact
B	23	VAL		A	8	PRO		van_der_waals	6.019021511077881		geometric_fallback	0.2476223111152649	geometric_contact
B	23	VAL		A	9	VAL		van_der_waals	6.655571937561035		geometric_fallback	0.1680535078048706	geometric_contact
B	25	GLY		A	6	ILE		van_der_waals	6.321957588195801		geometric_fallback	0.2097553014755249	geometric_contact
B	26	SER		A	4	PRO		van_der_waals	6.1279826164245605		geometric_fallback	0.23400217294692993	geometric_contact
B	26	SER		A	5	ALA		van_der_waals	7.364874839782715		geometric_fallback	0.1	geometric_contact
B	26	SER		A	6	ILE		van_der_waals	4.964271068572998		geometric_fallback	0.37946611642837524	geometric_contact
B	26	SER		A	7	GLN		van_der_waals	5.461696624755859		geometric_fallback	0.3172879219055176	geometric_contact
B	26	SER		A	8	PRO		van_der_waals	4.743256568908691		geometric_fallback	0.4070929288864136	geometric_contact
B	27	TRP		A	4	PRO		van_der_waals	6.713379383087158		geometric_fallback	0.16082757711410522	geometric_contact
B	27	TRP		A	8	PRO		van_der_waals	7.0371928215026855		geometric_fallback	0.1203508973121643	geometric_contact
B	28	PRO		A	4	PRO		van_der_waals	6.316286563873291		geometric_fallback	0.21046417951583862	geometric_contact
B	116	GLN		A	4	PRO		van_der_waals	7.378726005554199		geometric_fallback	0.1	geometric_contact
B	116	GLN		A	5	ALA		van_der_waals	5.186911582946777		geometric_fallback	0.35163605213165283	geometric_contact
B	116	GLN		A	6	ILE		van_der_waals	6.791861534118652		geometric_fallback	0.15101730823516846	geometric_contact
B	117	THR		A	4	PRO		van_der_waals	7.7419633865356445		geometric_fallback	0.1	geometric_contact
B	117	THR		A	5	ALA		van_der_waals	7.132988929748535		geometric_fallback	0.1083763837814331	geometric_contact
B	117	THR		A	6	ILE		van_der_waals	7.321035861968994		geometric_fallback	0.1	geometric_contact
B	119	SER		A	1	CYS		van_der_waals	7.289137840270996		geometric_fallback	0.1	geometric_contact
B	119	SER		A	2	GLY		van_der_waals	7.986503601074219		geometric_fallback	0.1	geometric_contact
B	119	SER		A	4	PRO		van_der_waals	7.333889007568359		geometric_fallback	0.1	geometric_contact
B	120	ALA		A	1	CYS		van_der_waals	5.172609806060791		geometric_fallback	0.3534237742424011	geometric_contact
B	120	ALA		A	2	GLY		van_der_waals	6.146763801574707		geometric_fallback	0.23165452480316162	geometric_contact
B	121	VAL		A	1	CYS		van_der_waals	5.24645471572876		geometric_fallback	0.34419316053390503	geometric_contact
B	121	VAL		A	2	GLY		van_der_waals	4.3934831619262695		geometric_fallback	0.4508146047592163	geometric_contact
B	121	VAL		A	3	VAL		van_der_waals	7.793320178985596		geometric_fallback	0.1	geometric_contact
B	122	CYS		A	1	CYS		van_der_waals	5.003595352172852		geometric_fallback	0.37455058097839355	geometric_contact
B	122	CYS		A	2	GLY		van_der_waals	5.0259294509887695		geometric_fallback	0.3717588186264038	geometric_contact
C	158	ALA		A	10	LEU		van_der_waals	7.898360252380371		geometric_fallback	0.1	geometric_contact
C	159	SER		A	10	LEU		van_der_waals	7.557338714599609		geometric_fallback	0.1	geometric_contact
C	205	GLY		A	3	VAL		van_der_waals	7.814249038696289		geometric_fallback	0.1	geometric_contact
C	206	ALA		A	1	CYS		van_der_waals	7.283690929412842		geometric_fallback	0.1	geometric_contact
C	206	ALA		A	2	GLY		van_der_waals	4.728288173675537		geometric_fallback	0.40896397829055786	geometric_contact
C	206	ALA		A	3	VAL		van_der_waals	5.600646018981934		geometric_fallback	0.2999192476272583	geometric_contact
C	207	TRP		A	1	CYS		van_der_waals	7.86797571182251		geometric_fallback	0.1	geometric_contact
C	207	TRP		A	2	GLY		van_der_waals	4.424695014953613		geometric_fallback	0.44691312313079834	geometric_contact
C	207	TRP		A	3	VAL		van_der_waals	6.643281936645508		geometric_fallback	0.16958975791931152	geometric_contact
C	208	THR		A	2	GLY		van_der_waals	6.31089973449707		geometric_fallback	0.2111375331878662	geometric_contact
C	190	SER		D	304	TYR		van_der_waals	7.561956882476807		geometric_fallback	0.1	geometric_contact
C	191	CYS		D	304	TYR		van_der_waals	5.53641939163208		geometric_fallback	0.30794757604599	geometric_contact
C	192	MET		D	303	VAL		van_der_waals	7.181699275970459		geometric_fallback	0.10228759050369263	geometric_contact
C	192	MET		D	304	TYR		van_der_waals	4.237172603607178		geometric_fallback	0.4703534245491028	geometric_contact
C	193	GLY		D	304	TYR		van_der_waals	6.115288257598877		geometric_fallback	0.23558896780014038	geometric_contact
C	194	ASP		D	304	TYR		van_der_waals	6.211552143096924		geometric_fallback	0.22355598211288452	geometric_contact
C	195	SER		D	303	VAL		van_der_waals	7.916536331176758		geometric_fallback	0.1	geometric_contact
C	195	SER		D	304	TYR		van_der_waals	4.654952526092529		geometric_fallback	0.41813093423843384	geometric_contact
C	213	VAL		D	304	TYR		van_der_waals	6.961255073547363		geometric_fallback	0.1298431158065796	geometric_contact
C	214	SER		D	303	VAL		van_der_waals	6.5616278648376465		geometric_fallback	0.1797965168952942	geometric_contact
C	214	SER		D	304	TYR		van_der_waals	5.557748794555664		geometric_fallback	0.305281400680542	geometric_contact
C	215	TRP		D	301	PRO		van_der_waals	7.627988338470459		geometric_fallback	0.1	geometric_contact
C	215	TRP		D	302	GLY		van_der_waals	5.754879474639893		geometric_fallback	0.2806400656700134	geometric_contact
C	215	TRP		D	303	VAL		van_der_waals	4.186975479125977		geometric_fallback	0.47662806510925293	geometric_contact
C	215	TRP		D	304	TYR		van_der_waals	4.5965423583984375		geometric_fallback	0.4254322052001953	geometric_contact
C	216	GLY		D	301	PRO		van_der_waals	5.373728275299072		geometric_fallback	0.32828396558761597	geometric_contact
C	216	GLY		D	302	GLY		van_der_waals	5.175313472747803		geometric_fallback	0.35308581590652466	geometric_contact
C	216	GLY		D	303	VAL		van_der_waals	6.196781635284424		geometric_fallback	0.22540229558944702	geometric_contact
C	216	GLY		D	304	TYR		van_der_waals	6.794060230255127		geometric_fallback	0.15074247121810913	geometric_contact
C	217	SER		D	300	THR		van_der_waals	5.508585453033447		geometric_fallback	0.3114268183708191	geometric_contact
C	217	SER		D	301	PRO		van_der_waals	4.332034111022949		geometric_fallback	0.45849573612213135	geometric_contact
C	217	SER		D	302	GLY		van_der_waals	5.184316635131836		geometric_fallback	0.3519604206085205	geometric_contact
C	217	SER		D	303	VAL		van_der_waals	7.878296852111816		geometric_fallback	0.1	geometric_contact
C	218	SER		D	300	THR		van_der_waals	5.671521186828613		geometric_fallback	0.29105985164642334	geometric_contact
C	218	SER		D	301	PRO		van_der_waals	5.031675338745117		geometric_fallback	0.37104058265686035	geometric_contact
C	218	SER		D	302	GLY		van_der_waals	4.093273639678955		geometric_fallback	0.4883407950401306	geometric_contact
C	218	SER		D	303	VAL		van_der_waals	7.047797679901123		geometric_fallback	0.11902529001235962	geometric_contact
C	219	THR		D	300	THR		van_der_waals	7.405498504638672		geometric_fallback	0.1	geometric_contact
C	219	THR		D	302	GLY		van_der_waals	7.823227882385254		geometric_fallback	0.1	geometric_contact
